EventName,StartDate,EndDate,Time,Venue,Address,City,State,Zip,Category,EventType,PrizeMoney,Description,Website,Phone,Email,SourceImage,DateExtracted,TeamRopingAI
Aguila Breakaway & Calf Roping – Wednesdays & Sundays,1/1/26,12/31/26,Starts 11 AM,,49507 N 527th Drive,Aguila,AZ,,Breakaway Roping,Weekly Breakaway & Calf Roping Jackpot,$500 Added if 50 entries in Breakaway Open,"Weekly Breakaway & Calf Roping every Wednesday and Sunday at 49507 N 527th Drive, Aguila, AZ. Starts 11 AM. BREAKAWAY WARM UP: 2 for $60, 50% payback. BREAKAWAY OPEN: 3 for $150, 35% stock charge ($500 added if 50 entries), non-progressive. CALF ROPING Under 16/Over 50: 3 for $200. CALF ROPING OPEN: 3 for $250, 40% stock charge, non-progressive. Enter all ropings 3x. Cash only.",,360-630-3870,,645392555_2343659292727284_146919173200390146_n.jpg,3/2/26,YES
Zabawa Weekly Ropings – Friday #8.5,1/1/26,12/31/26,,Zabawa Arena,,Maricopa,AZ,,Team Roping,Weekly Team Roping Jackpot,80% payback,"Zabawa Arena Friday weekly #8.5 team roping, Maricopa, AZ. Capped at 4+. $150 entry, 3-steer progressive, 80% payback. Cash only.",,,,,3/1/26,YES
5 Flat Monday Ropings,1/1/26,12/31/26,,Flying E Ranch,,Wickenburg,AZ,,Team Roping,Weekly Team Roping Jackpot,,"5 Flat Monday Ropings at Flying E Ranch, Wickenburg, AZ. Every Monday. 30+ and Ladies divisions. #12.5, #11.5, #10.5 handicaps. $125/roper, 4-steer PA1, enter 3x. Fresh cattle. Cash only.",,,,,3/1/26,YES
Zabawa Weekly Ropings – Monday #9.5,1/1/26,12/31/26,,Zabawa Arena,,Maricopa,AZ,,Team Roping,Weekly Team Roping Jackpot,80% payback,"Zabawa Arena Monday weekly #9.5 team roping, Maricopa, AZ. For 40+ or any age ladies, capped at 5+. $150 entry, 3-steer progressive, 80% payback. Cash only.",,,,,3/1/26,YES
High Call Productions Saturday & Sunday Ropings,1/1/26,12/31/26,"Books open 9 AM, close 10 AM, rope 10:15 AM",Flying E Ranch,,Wickenburg,AZ,,Team Roping,Weekly Team Roping Jackpot,70–80% payback,"High Call Productions weekend team roping at Flying E Ranch, Wickenburg, AZ. Books open 9 AM, close 10 AM, rope 10:15 AM. SATURDAYS (40+ & All Ladies): #12.5 Handicap 4-steer $100/man enter 3x 80% payback; #8.5 Handicap (50+ & Ladies) 3-steer $120/man enter 3x or draw up to 6; #9.5 Handicap (50+ & Ladies) 4-steer $150/man enter 2x or draw up to 4 70% payback. SUNDAYS (All Ages): #7.5 Handicap 3-steer $120/man knives to average winners; #9.5 Handicap 3-steer $120/man; #11.5 Handicap 4-steer $150/man 70% payback. Cash only. USTRC/WSTR card required.",,,,,3/1/26,YES
Arizona Cutting Horse Association - May Madness and Novice Challenge,4/29/26,5/3/26,8:00 AM,Horseshoe Park & Equestrian Centre,20464 E Riggs Road,Queen Creek,AZ,85142.0,Cutting,NCHA Sanctioned Show,,"Arizona Cutting Horse Association May Madness and Novice Challenge at Horseshoe Park — five days of NCHA-sanctioned cutting including the Novice Challenge for newer horses and riders. Open, Non-Pro, Amateur and Novice divisions. Contact Kathy Unfried at 928-277-6103 or arizonacuttinghorse@gmail.com.",https://azcha.com,480-358-3793,,,3/25/26,NO
Turquoise Circuit PRCA Rodeo - Clovis NM,4/30/26,5/2/26,,Clovis Rodeo Arena,,Clovis,NM,,Rodeo,PRCA Rodeo,,"Turquoise Circuit PRCA Pro Rodeo in Clovis, New Mexico. Three days of professional rodeo featuring all PRCA events. Clovis is a major stop on the New Mexico leg of the Turquoise Circuit. Visit prorodeo.com for official schedule and competitor entry details.",https://www.prorodeo.com,,,,3/25/26,NO
Pacific Ridge Show Jumping - Spring 2 (Regional),5/1/26,5/3/26,8:00 AM,Los Angeles Equestrian Center,480 W Riverside Dr,Burbank,CA,91506.0,Hunter/Jumper,Regional Horse Show,,"Pacific Ridge Show Jumping Spring 2 Regional at LAEC — three days of regional hunter/jumper competition. Designed to be more accessible and affordable than the national shows, inviting riders who can't commit to multi-week circuits. Free for spectators. Entries at prsj.showgroundslive.com.",https://pacificridgeshowjumping.com,818-840-9063,,,3/25/26,NO
Pinnacle Circuit Horse Show,5/6/26,5/10/26,,South Point Arena & Equestrian Center,9777 Las Vegas Blvd South,Las Vegas,NV,89183.0,Quarter Horse Show,Circuit Show,,Pinnacle Circuit Horse Show at South Point Arena in Las Vegas. Five days of premier AQHA-affiliated quarter horse competition. Free to the public. Part of the Pinnacle Circuit series leading to the AQHA West Level 1 Championships. Visit pinnaclecircuit.com for class schedule.,https://pinnaclecircuit.com/,702-797-8005,,,3/25/26,NO
Horsinalities Pony Club - Summer Session,5/8/26,7/10/26,9:00 AM - 1:00 PM,Come Back Ranch Animal Sanctuary,1 County Rd 4075,Eagar,AZ,,Youth Program,Pony Club,,"Horsinalities Pony Club 10-week summer session at Come Back Ranch Animal Sanctuary in Eagar. Ages 7–18. Every Friday 9 AM–1 PM. $600 for 10 weeks or $60 per session. Learn horse care, horsinalities, tie-dye crafts, horseshoe decorating and horse painting. Scholarships available. comebackranch.org.",https://comebackranch.org,928-270-8932,rescuedirector@comebackranch.org,653782727_1345035337670174_3745390812191067987_n.jpg,3/24/26,NO
Pacific Ridge Show Jumping - Spring 3 (Regional),5/8/26,5/10/26,9:00 AM,Los Angeles Equestrian Center,480 W Riverside Dr,Burbank,CA,91506.0,Hunter/Jumper,Regional Horse Show,,Pacific Ridge Show Jumping Spring 3 Regional at LAEC — three days of regional hunter/jumper competition at the Los Angeles Equestrian Center in Burbank. Part of the 10-event 2026 Pacific Ridge series spanning April through October. Free for spectators. Entries at prsj.showgroundslive.com.,https://pacificridgeshowjumping.com,818-840-9063,,,3/25/26,NO
Huachuca Saddle Club Gymkhana Series 1 - May 9,5/9/26,5/9/26,9:00 AM,The Outlaw Arena,8191 E Barataria Blvd,Hereford,AZ,,Gymkhana,Series,,"Huachuca Saddle Club Gymkhana Series at The Outlaw Arena in Hereford. Barrels, poles, and two additional classes across six age divisions from lead line to 40 & over. Adult $9/class, Youth $8/class, or $40 flat for members. Must ride 3 of 4 dates to qualify for awards.",www.huachucasaddleclub.org,,,648169613_1365239612308006_1096723864128117341_n.jpg,3/6/26,NO
Central Arizona Riding Academy (CARA) Schooling Show Series,5/10/26,5/10/26,,Central Arizona Riding Academy (CARA),41656 N Rattlesnake Rd,San Tan Valley,AZ,85140.0,Dressage,Schooling Show,,"CARA's May schooling show is a one-day dressage test opportunity focused on good mileage and constructive judging in a relaxed environment. Great for riders prepping for summer and fall recognized shows, introducing horses to the show ring, or simply putting a test on paper. Registration details are posted on CARA's website.",https://azdressage.org/event/central-arizona-riding-academy-schooling-show-series/2026-05-10/,(480) 580-0634,,,1/26/26,NO
AQHA West Level 1 Championships,5/11/26,5/16/26,,South Point Arena & Equestrian Center,9777 Las Vegas Blvd South,Las Vegas,NV,89183.0,Quarter Horse Show,Championship,,AQHA West Level 1 Championships at South Point Arena in Las Vegas. Six days of American Quarter Horse Association championship competition for Level 1 competitors from the western region. Free to the public. Visit aqha.com for class schedule and qualifying info.,https://pinnaclecircuit.com/,702-797-8005,,,3/25/26,NO
Randy Rogers Band Concert,5/14/26,,,The Maverick,,Tucson,AZ,,Concert,Entertainment,,"Texas country music favorites Randy Rogers Band bring their live show to The Maverick in Tucson. Known for hits like ""Kiss Me in the Dark,"" ""In My Arms Instead,"" and ""Trouble,"" the band has been a staple of the Texas/Red Dirt country scene for over two decades. Their energetic live performances and authentic country sound make them a must-see for fans of real country music. The Maverick provides an intimate venue setting perfect for experiencing this acclaimed band up close.",tucsonmaverick.com,,,619201580_18553835338046722_4444988063250026691_n.jpg,1/25/26,NO
Turquoise Circuit PRCA Rodeo - Payson (Spring),5/15/26,5/16/26,,Payson Rodeo Grounds,,Payson,AZ,,Rodeo,PRCA Rodeo,,"Turquoise Circuit PRCA Pro Rodeo in Payson, AZ — spring edition. Two days of professional rodeo in the Rim Country featuring all PRCA events. Payson hosts two circuit rodeos per year, spring and late summer. Visit paysonprorodeo.com for tickets and schedule details.",https://www.paysonprorodeo.com,,,,3/25/26,NO
Pinnacle Equestrian Tour Show Jumping,5/15/26,5/17/26,,Buckeye Sports Arena,,Buckeye,AZ,,Show Jumping,Competition,,"Three day show jumping competition hosted by Pinnacle Equestrian Tour. Covered arena with premium stalls with mats, VIP options, full bar, and electric evening classes under the lights. RV spots and stall reservations available. Entries open on Showgrounds Live. Restaurant and veterinary on site.",,,,Screenshot_2026-03-30_at_6_13_23_AM.png,3/30/26,NO
Crown B Ranch 3rd Annual Masters Team Roping,5/15/26,5/16/26,"Friday: books open 6 PM, rope 7 PM. Saturday: books open 8 AM, rope 9 AM.",Pima County Fairgrounds,11300 S Houghton Rd,Tucson,AZ,85747,Team Roping,Team Roping Jackpot – Masters,"80% payback, trophy letterman jackets, saddles to average winners","Crown B Ranch 3rd Annual Masters Team Roping, May 15–16, 2026 at Pima County Fairgrounds, Tucson, AZ. Produced by Savantos Land & Cattle and Crown B Ranch LLC. FRIDAY WARM-UP (books open 6 PM, rope 7 PM): #13.5 Hailstorm Roofing Slide – pick or draw $100, enter 4x, 4-steer average, 80% payback, trophy letterman jackets. Junior 12 & Under Tractor Supply Dummy Roping 6 PM. SATURDAY (books open 8 AM, rope 9 AM): #11.5 Saddle Roping – P1/D1 or Draw 2 $150, enter 3x, 4-steer average, no cap, buckles to average winners 2nd–4th. #9.5 Saddle Roping – P1/D1 or Draw 2 $150, enter 3x, 3-steer average, no cap. All ropings 2/3 cash prize payback unless otherwise noted. Must have current USTRC, WS, or NTR card.",crownbranchllc.com,520-405-9588,,645963567_122181255944525754_5204698100728005255_n.jpg,3/2/26,YES
BR Diamond Spur Barrels & Poles Series - May 16,5/16/26,5/16/26,9:00 AM,Charles Whitlow Rodeo Arena,,Florence,AZ,,Barrel Racing,Series,$500 Added,"BR Diamond Spur Barrels & Poles Series at Charles Whitlow Rodeo Arena. 80% payback, $500 added, cash only. Barrels: Open 5D $50, Youth 3D $40, Rookie 3D $20. Poles: 4D $50. Must enter 3 of 4 jackpots to qualify for awards.",,480-788-5509,,616820032_1389658729614663_371913574969192919_n.jpg,2/1/26,NO
NATRC Showdown at Sunset,5/16/26,5/17/26,,Sunset Ranch,,Seligman,AZ,,Trail Ride,Competition,,"North American Trail Ride Conference (NATRC) Region 2 LeD Rides presents 'Showdown at Sunset' at Sunset Ranch. Sunset Ranch Productions. Fabulous location, beautiful area, fun trails. Ride Manager: Kandace French Contreras.",natrc.org,,,622108310_10241990523723167_6390657422437819104_n.jpg,2/1/26,NO
Scottsdale Saddle Club Gymkhana - May 16,5/16/26,5/16/26,,Scottsdale Rodeo Grounds,,Scottsdale,AZ,,Gymkhana,Series,,"Scottsdale Saddle Club gymkhana at the Rodeo Grounds featuring professional grade ground and facilities with divisions for every level of rider. Part of the 2026 season series running monthly through December. Visit scottsdalesaddleclub.com for full details, classes, and entry information.",www.scottsdalesaddleclub.com,,,634950103_1372842801313322_1568601591476657115_n.jpg,3/6/26,NO
Showdown at Sunset NATRC Ride,5/16/26,5/17/26,5:45 AM,Seligman Route 66 Rodeo Grounds,,Seligman,AZ,,Trail Riding,Competitive Trail Ride,,"Showdown at Sunset NATRC Ride — Where Legends are Made. Leisure Division competitive trail ride at the historic Route 66 rodeo grounds in Seligman, AZ. Ride one or two days. Open to Adult and Junior divisions. Hosted by Kandace French Contreras.",,,,Screenshot_2026-03-24_at_7_50_32_AM.png,3/24/26,NO
APHA Zone 2 Horse Show,5/21/26,5/24/26,,South Point Arena & Equestrian Center,9777 Las Vegas Blvd South,Las Vegas,NV,89183.0,Paint Horse Show,Zone Show,,"APHA Zone 2 Horse Show at South Point Arena in Las Vegas. Four days of American Paint Horse Association zone-level competition open to all APHA members. Free to the public. Visit aphazone2.com for class schedule, entry deadlines and hotel information.",https://www.aphazone2.com/,702-797-8005,,,3/25/26,NO
NRCHA Kimes Ranch Derby,5/27/26,6/6/26,,WestWorld of Scottsdale,16601 N Pima Rd,Scottsdale,AZ,85260.0,Reined Cow Horse,Premier Event,,"One of NRCHA's premier major events for 4- and 5-year-old cow horses, offering multiple divisions from Open and Non Pro to boxing and limited classes. The Derby features snaffle and hackamore competition, special spectacles (including bridle events), and a Run For A Million qualifier. Two weeks of shows, vendors, and championship finals at WestWorld.",https://www.nrcha.com/events/nrcha-derby/,940-488-1500,rexwager@aol.com,,1/26/26,NO
NBHA Las Vegas Super Show,5/28/26,5/31/26,,South Point Arena & Equestrian Center,9777 Las Vegas Blvd South,Las Vegas,NV,89183.0,Barrel Racing,Super Show,,"NBHA Las Vegas Super Show at South Point Arena — one of the biggest barrel racing events of the year. Four days of National Barrel Horse Association competition with Open, Youth and amateur divisions. Free to the public. Visit nbha.com for entry info and class schedule.",https://nbha.com/shows/category/tour/,702-797-8005,,,3/25/26,NO
NCHA Days - Tri-Lakes CHA (Ozark Circuit),5/29/26,5/31/26,9:00 AM,NCHA Days (affiliate-produced),,Lakeview,AR,,Cutting,NCHA Days (Circuit Program),,"Tri-Lakes CHA hosts the Ozark Circuit's NCHA Days event in Lakeview, Arkansas. NCHA Days is a circuit program spotlight that delivers double circuit points, plus added money and awards, in an exclusive May show window. It's an ideal weekend for riders and owners looking to make a meaningful jump in circuit standings with a single focused event.",https://www.nchacutting.com/ncha-shows/circuit-program/ncha-weekend-events,817-244-6188,,,1/26/26,NO
Turquoise Circuit PRCA Rodeo - Window Rock Navajo Nation Fair,5/29/26,5/31/26,,Window Rock Fairgrounds,,Window Rock,AZ,,Rodeo,PRCA Rodeo,,"Turquoise Circuit PRCA Pro Rodeo at the Navajo Nation Fairgrounds in Window Rock, AZ. Three days of professional rodeo honoring the rich Native American rodeo tradition. Features all PRCA events with strong Native American cowboy participation. Visit nnfair.org for schedule and tickets.",https://www.nnfair.org,,,,3/25/26,NO
Three Day Clinic with Carl Bledsoe,5/29/26,5/31/26,,4 Beat Ranch,,Snowflake,AZ,,Clinic,Clinic,,"Three day horsemanship clinic with Carl Bledsoe, 2022 Humane Horseman of the Year. Focus on classical horsemanship training for horses and riders of all disciplines, specializing in gaited horse breeds. Topics include gait analysis, biomechanics and horse anatomy, groundwork and communication techniques, and rider balance and harmony. Clinic fee $850.",,602-751-9608,4BeatRanch@gmail.com,634969511_122245350338161472_1953519902157799939_n.jpg,3/30/26,NO
Chino Valley Cowboy Challenge and EXCA Race Series - May 30-31,5/30/26,5/31/26,9:00 AM,Chino Valley Equestrian Park,2208 Equestrian Way,Chino Valley,AZ,86323.0,Obstacle Course,EXCA Series,,High Plain Tumblers present the Chino Valley Cowboy Challenge and EXCA Race Series. Saturday: workshops 9 AM–1 PM plus Cowboy Challenge obstacle course. Sunday: EXCA Sanctioned Double Point races with divisions from Young Guns to Pro. Judges Dee Ladd and Jeff Cook. Overnight stalls available. cvcowboychallenge@gmail.com.,https://ExtremeCowboyAssociation.com,714-721-2220,cvcowboychallenge@gmail.com,642339625_886656383981857_4720883943744076778_n.jpg,3/24/26,NO
Turquoise Circuit PRCA Rodeo - Flagstaff,6/4/26,6/6/26,,Flagstaff Rodeo Grounds,,Flagstaff,AZ,,Rodeo,PRCA Rodeo,,"Turquoise Circuit PRCA Pro Rodeo in Flagstaff, AZ. Three days of professional rodeo at 7,000 feet elevation in the pines. Features all PRCA events including bull riding, barrel racing and team roping. A cool summer escape with great rodeo action. Visit flagstaffrodeo.com for tickets.",https://www.flagstaffrodeo.com,,,,3/25/26,NO
Wild West Saddle Up 2026 Fundraiser,6/5/26,6/7/26,,Buckin' Burro Ranch,,Prescott,AZ,,Fundraiser,Western Weekend,,"Wild West Saddle Up 2026 at Buckin' Burro Ranch, Prescott. Weekend Pass $325 includes guided trail rides, 4 meals, ranch activities and Saturday Shindig. Shindig-Only $125 for Saturday night live music, cocktails, dinner and auction. Music by Palomino Country. Benefits Animal Guardian Network sanctuary. Contact Carrie 602-568-5636.",https://SaddleUp2026.eventbrite.com,602-568-5636,,649408876_10231348507407776_2886287749643819660_n.jpg,3/24/26,NO
PCCHA Reyzin The Cash Derby,6/5/26,6/14/26,,South Point Arena & Equestrian Center,9777 Las Vegas Blvd South,Las Vegas,NV,89183.0,Cutting,Derby,,PCCHA Reyzin The Cash Derby at South Point Arena in Las Vegas. Ten days of Pacific Coast Cutting Horse Association competition featuring the top cutting horses and riders on the West Coast. Free to the public. Visit pccha.com for entry information and full class schedule.,https://pccha.com/,702-797-8005,,,3/25/26,NO
Pacific Ridge Show Jumping - Summer 1,6/5/26,6/7/26,8:00 AM,Los Angeles Equestrian Center,480 W Riverside Dr,Burbank,CA,91506.0,Hunter/Jumper,National Horse Show,,Pacific Ridge Show Jumping Summer 1 at LAEC — part of the 10-event 2026 series spanning April through October at the Los Angeles Equestrian Center in Burbank. National-level hunter/jumper competition with new footing upgrades. Free for spectators. Entries at prsj.showgroundslive.com.,https://pacificridgeshowjumping.com,818-840-9063,,,3/25/26,NO
Working Equitation Clinic with Tessa Nicolet,6/6/26,6/7/26,,Four Beat Ranch LLC,,Concho,AZ,,Working Equitation,Clinic,,"Working equitation clinic and private lessons with Tessa Nicolet, USAWE Professional Instructor and L Judge. Full day clinic covers dressage and obstacle handling. June 7 offers custom private lessons. New and experienced riders welcome. Camping and pens available. Sign up at CohesiveHorsemanship.com.",www.CohesiveHorsemanship.com,,Tessa@cohesivehorsemanship.com,634780888_122245901828161472_1753948471674964326_n.jpg,3/6/26,NO
Obstacle Clinic and Challenge - Dos Lomas,6/6/26,6/6/26,7:00 AM,Dos Lomas Wild Ranch,,Snowflake,AZ,,Obstacle Course,Clinic/Challenge,,"Obstacle Clinic and Challenge at Dos Lomas Wild Ranch in Snowflake — over 30 obstacles in the White Mountains. Clinic 8–10 AM, open practice 10 AM–2 PM, challenge from 2 PM with awards. $75/horse-rider combo includes all. Gift for every entry, prizes for top 5. Contact: dlwildranch@gmail.com.",,602-397-7070,dlwildranch@gmail.com,654212342_10236413370467941_5498151862059133928_n.jpg,3/24/26,NO
Working Equitation Clinic and Private Lessons with Tessa Nicolet,6/6/26,6/7/26,,Four Beat Ranch LLC,,Concho,AZ,,Clinic,Clinic,,"Working Equitation clinic and private lessons with Tessa Nicolet, USAWE Professional Instructor and L judge. June 6 full day WE Clinic starts with dressage then applies dressage work to obstacles for ease of handling trial. June 7 private lessons fully custom to individual needs. New and experienced riders welcome. Camping and pens available.",https://www.CohesiveHorsemanship.com,,Tessa@cohesivehorsemanship.com,636538161_122280212714184601_7884661047655378715_n.jpg,3/30/26,NO
20th Annual FUNdamentals Horse Camp & FUNkhana & Trail Challenge,6/9/26,6/13/26,,Buckin Burro Ranch,,Williamson Valley,AZ,,Youth Horse Camp,Camp / Clinic,"$1,000 per student","20th Annual FUNdamentals Horse Camp at Buckin Burro Ranch near Prescott. Five days and four nights of horsemanship for girls ages 9-16. Includes meals, housing, stalls, individualized instruction, speed events, trail rides, daily challenges, award ceremony, and trophys. Indoor arena and trails. Limited to 24 spots. $200 deposit to reserve.",,602-448-3910,,646373427_10240662885647150_2299023953576881729_n.jpg,3/6/26,NO
Bull Bash Championship Bullriding,6/12/26,6/13/26,7:30 PM,Stargazer Pavilion - Cliff Castle Casino Hotel,555 Middle Verde Rd,Camp Verde,AZ,,Bull Riding,Championship,$3500 Added,"Bull Bash Championship Bullriding returns to Stargazer Pavilion at Cliff Castle Casino in Camp Verde. Open $3,000 added/$100 entry, Novice $500 added/$75 entry, both 100% payback. Mutton Bustin' 6 & under $20 at 6:30 PM. Entries open June 1–5. Text 928-821-0489 to enter.",https://cliffcastlecasinohotel.com,928-821-0489,,653764015_27000721422849275_8802088383195593933_n_copy.jpg,3/24/26,NO
ADA Summer Heat Recognized Show,6/13/26,6/13/26,,WestWorld of Scottsdale,16601 N Pima Rd,Scottsdale,AZ,85260.0,Dressage,Rated Show,,"Arizona Dressage Association's Summer Heat recognized show offers USDF/USEF qualifying-score opportunities in a professionally managed setting at WestWorld of Scottsdale. Open to multiple levels and divisions, including Para Dressage and Western Dressage, with scheduling designed to avoid peak heat. Ideal for riders targeting championships and year-end awards.",https://azdressage.org/event/ada-summer-heat-recognized-show/,,,,1/26/26,NO
ADA Some More Summer Heat Recognized Show,6/14/26,6/14/26,,WestWorld of Scottsdale,16601 N Pima Rd,Scottsdale,AZ,85260.0,Dressage,Rated Show,,"Back-to-back with Summer Heat, ADA's Some More Summer Heat recognized show provides another full day to earn USDF/USEF qualifying scores at WestWorld of Scottsdale. Competitors can maximize travel by riding both days, with divisions spanning Intro through Grand Prix plus Para and Western Dressage options. A strong mid-summer checkpoint for fall goals.",https://azdressage.org/event/ada-some-more-summer-heat/,,,,1/26/26,NO
Gold Rush Classic Peruvian Horse Show,6/19/26,6/21/26,,South Point Arena & Equestrian Center,9777 Las Vegas Blvd South,Las Vegas,NV,89183.0,Breed Show,Rated Show,,Gold Rush Classic Peruvian Horse Show at South Point Arena in Las Vegas. Three days of Southern California Peruvian Paso Horse Club competition showcasing the elegance and smooth gait of Peruvian horses. Free to the public. Visit scpphc.org for class schedule and entry details.,https://scpphc.org/grc/,702-797-8005,,,3/25/26,NO
Turquoise Circuit PRCA Rodeo - El Paso TX,6/19/26,6/21/26,,El Paso Rodeo Arena,,El Paso,TX,,Rodeo,PRCA Rodeo,,"Turquoise Circuit PRCA Pro Rodeo in El Paso, TX. Three days of professional rodeo on the Texas-New Mexico border. Features all PRCA events with strong participation from Texas, New Mexico and Arizona cowboys. Visit hiloprorodeo.com for tickets and competitor information.",https://hiloprorodeo.com,,,,3/25/26,NO
The Celebration - EMO,6/25/26,7/5/26,,South Point Arena & Equestrian Center,9777 Las Vegas Blvd South,Las Vegas,NV,89183.0,Quarter Horse Show,Championship,,"The Celebration at South Point Arena in Las Vegas — eleven days of premier NSBA and EMO western performance horse competition. One of the largest western horse shows in the country featuring ranch riding, reining, cow horse and more. Free to the public. Visit thecelebrationlasvegas.com.",https://www.thecelebrationlasvegas.com/,702-797-8005,,,3/25/26,NO
Turquoise Circuit PRCA Rodeo - Santa Fe NM,6/25/26,6/27/26,,Rodeo de Santa Fe Grounds,,Santa Fe,NM,,Rodeo,PRCA Rodeo,,"Rodeo de Santa Fe — Turquoise Circuit PRCA Pro Rodeo in Santa Fe, NM. Three days of professional rodeo in the historic City of Holy Faith. Features all PRCA events. One of the most scenic rodeo settings in the Southwest combining world-class competition with New Mexico culture. Visit rodeodesantafe.org.",https://rodeodesantafe.org,,,,3/25/26,NO
Central Arizona Riding Academy (CARA) Schooling Show Series,6/27/26,6/27/26,,Central Arizona Riding Academy (CARA),41656 N Rattlesnake Rd,San Tan Valley,AZ,85140.0,Dressage,Schooling Show,,"CARA's late-June schooling show is a one-day dressage test event built for practical show experience and helpful judge feedback. A good option for riders wanting to keep horses in a consistent competition routine through the summer. Visit CARA online for entries, schedules, and any division updates.",https://azdressage.org/event/central-arizona-riding-academy-schooling-show-series/2026-06-27/,(480) 580-0634,,,1/26/26,NO
Turquoise Circuit PRCA Rodeo - Prescott World's Oldest Rodeo,6/29/26,7/5/26,,Prescott Frontier Days Rodeo Grounds,,Prescott,AZ,,Rodeo,PRCA Rodeo,,"Prescott Frontier Days — the World's Oldest Rodeo, a Turquoise Circuit PRCA event since 1888. Seven days of July 4th professional rodeo featuring all PRCA events. One of Arizona's premier western celebrations combining rodeo, parade and community festivities. Visit worldsoldestrodeo.com.",https://worldsoldestrodeo.com,,,,3/25/26,NO
Steve Kutie Clinic,7/4/26,7/5/26,7:45 AM,"Santori Ranch, LLC",955 W. Road 2 North,Chino Valley,AZ,,Clinic,Clinic,,"Two day clinic with Steve Kutie, national champion in multiple events and international competitor. $600 per rider for both days. $10 haul-in fee per horse per day for facility use. $20 audit fee. Hosted by Yeguada Karma CH Traditional PRE Andalusians and Nathan Burger at Santori Ranch, a full service boarding and training stable family owned since 1994.",,,,Screenshot_2026-03-30_at_6_12_23_AM.png,3/30/26,NO
Pacific Ridge Show Jumping - Summer 2,7/10/26,7/12/26,8:00 AM,Los Angeles Equestrian Center,480 W Riverside Dr,Burbank,CA,91506.0,Hunter/Jumper,Regional Horse Show,,Pacific Ridge Show Jumping Summer 2 at LAEC — part of the 10-event 2026 series spanning April through October at the Los Angeles Equestrian Center in Burbank. Regional-level hunter/jumper competition with new footing upgrades. Free for spectators. Entries at prsj.showgroundslive.com.,https://pacificridgeshowjumping.com,818-840-9063,,,3/25/26,NO
Morgan Medallion Classic Charity Horse Show,7/15/26,7/19/26,,South Point Arena & Equestrian Center,9777 Las Vegas Blvd South,Las Vegas,NV,89183.0,Breed Show,Charity Show,,Morgan Medallion Classic Charity Horse Show at South Point's Priefert Pavilion in Las Vegas. Five days of Morgan horse competition raising funds for charity. Free to the public. A showcase of the Morgan breed's versatility and athleticism. Visit morganmedallion.com for entry and schedule info.,http://www.morganmedallion.com/,702-797-8005,,,3/25/26,NO
Schooling Show (NACADA) - Freeman Farms,7/18/26,7/18/26,,Freeman Farms,1096 E. Road 3 South,Chino Valley,AZ,86323.0,Dressage,Schooling Show,,"NACADA's July schooling show at Freeman Farms offers classical and western dressage tests in a welcoming, educational setting. Designed for riders seeking mileage, feedback, and a relaxed competition day in Northern Arizona. Entries and show specifics are posted on NACADA's calendar and entry page.",https://azdressage.org/event/schooling-show-nacada/2026-07-18/,,,,1/26/26,NO
CMSA Western US Championship,7/23/26,7/26/26,,South Point Arena & Equestrian Center,9777 Las Vegas Blvd South,Las Vegas,NV,89183.0,Mounted Shooting,Championship,,CMSA Western US Championship at South Point Arena in Las Vegas. Four days of Cowboy Mounted Shooting Association western regional championship competition. Riders in period costume shoot balloon targets at full gallop. Free to the public. Visit cmsaevents.com for division and entry info.,https://cmsaevents.com/,702-797-8005,,,3/25/26,NO
Turquoise Circuit PRCA Rodeo - Lovington NM Lea County Fair,7/31/26,8/8/26,,Lea County Fair & Rodeo Grounds,,Lovington,NM,,Rodeo,PRCA Rodeo,,"Turquoise Circuit PRCA Pro Rodeo at the Lea County Fair in Lovington, NM. Nine days of professional rodeo and fair activities in southeastern New Mexico. Features all PRCA events. One of the longer-running circuit events on the New Mexico leg of the Turquoise Circuit. Visit leacountyfair.net.",https://www.leacountyfair.net,,,,3/25/26,NO
Pacific Ridge Show Jumping - Summer 3,8/7/26,8/9/26,8:00 AM,Los Angeles Equestrian Center,480 W Riverside Dr,Burbank,CA,91506.0,Hunter/Jumper,National Horse Show,,Pacific Ridge Show Jumping Summer 3 at LAEC — part of the 10-event 2026 series spanning April through October at the Los Angeles Equestrian Center in Burbank. National-level hunter/jumper competition with new footing upgrades. Free for spectators. Entries at prsj.showgroundslive.com.,https://pacificridgeshowjumping.com,818-840-9063,,,3/25/26,NO
The Run For A Million,8/12/26,8/15/26,,South Point Arena & Equestrian Center,9777 Las Vegas Blvd South,Las Vegas,NV,89183.0,Reining,Championship,"$1,000,000","The Run For A Million at South Point Arena — the richest reining event in the world with a $1 million purse. Features Reining, Cutting Horse Challenge, Cow Horse Challenge, Youth and Non-Pro events. Free general admission with ticketed championship nights. Visit therunforamillion.com.",https://therunforamillion.com/,702-797-8005,,,3/25/26,NO
National Stock Horse Association Futurity and Derby,8/18/26,8/23/26,,South Point Arena & Equestrian Center,9777 Las Vegas Blvd South,Las Vegas,NV,89183.0,Stock Horse,Futurity/Derby,,"National Stock Horse Association Futurity and Derby at South Point Arena in Las Vegas. Six days of NSHA competition showcasing top stock horses in ranch riding, reining and cow horse events. Free to the public. Visit nationalstockhorse.com for class schedule and entry details.",https://nationalstockhorse.com/,702-797-8005,,,3/25/26,NO
Will Rogers Polo Club - Equidome Women's Challenge,8/19/26,8/20/26,,Los Angeles Equestrian Center,480 W Riverside Dr,Burbank,CA,91506.0,Polo,Arena Polo Tournament,,Will Rogers Polo Club Equidome Women's Challenge arena polo tournament at LAEC. Two days of women's arena polo competition inside the iconic Equidome. Free for spectators. An exciting and accessible introduction to the sport of polo for Los Angeles fans. Visit thelaec.com for details.,https://thelaec.com,818-840-9063,,,3/25/26,NO
Turquoise Circuit PRCA Rodeo - Payson (Late Summer),8/21/26,8/22/26,,Payson Rodeo Grounds,,Payson,AZ,,Rodeo,PRCA Rodeo,,"Turquoise Circuit PRCA Pro Rodeo in Payson, AZ — late summer edition. Two days of professional rodeo in the cool Arizona Rim Country. Payson hosts two Turquoise Circuit rodeos per year. Features all PRCA events. Visit paysonprorodeo.com for tickets, schedule and competitor information.",https://www.paysonprorodeo.com,,,,3/25/26,NO
Turquoise Circuit PRCA Rodeo - Socorro NM County Fair,8/24/26,8/25/26,,Socorro County Fairgrounds,,Socorro,NM,,Rodeo,PRCA Rodeo,,"Turquoise Circuit PRCA Pro Rodeo at the Socorro County Fair in Socorro, NM. Two days of professional rodeo and county fair events in central New Mexico. Features all PRCA events. Visit socorronm.gov for schedule and event details.",https://www.socorronm.gov/events/socorro-county-fair-rodeo/,,,,3/25/26,NO
Turquoise Circuit PRCA Rodeo - Scottsdale (Fall),9/1/26,9/30/26,,WestWorld of Scottsdale,16601 N Pima Rd,Scottsdale,AZ,85260.0,Rodeo,PRCA Rodeo,,"Turquoise Circuit PRCA Pro Rodeo in Scottsdale, AZ — fall edition. Date TBA. Professional rodeo featuring all PRCA events at WestWorld of Scottsdale. One of two Scottsdale stops on the Turquoise Circuit. Visit rodeoscottsdale.com for confirmed dates and ticket information.",https://rodeoscottsdale.com,,,,3/25/26,NO
Buckles and Barrels for Bailey,9/4/26,9/6/26,,South Point Arena & Equestrian Center,9777 Las Vegas Blvd South,Las Vegas,NV,89183.0,Barrel Racing,Charity Event,,"Buckles and Barrels for Bailey at South Point Arena in Las Vegas. Three days of barrel racing competition and celebration raising funds for a meaningful cause. Free to the public. Visit bucklesandbarrels4bailey.com for entry information, divisions and schedule.",https://bucklesandbarrels4bailey.com/,702-797-8005,,,3/25/26,NO
Schooling Show (NACADA) - Freeman Farms,9/5/26,9/5/26,,Freeman Farms,1096 E. Road 3 South,Chino Valley,AZ,86323.0,Dressage,Schooling Show,,"September NACADA schooling show at Freeman Farms in Chino Valley features classical and western dressage tests with a supportive show atmosphere. A strong tune-up before fall championships and recognized shows, with an emphasis on learning and good horsemanship. See NACADA's entry page for the latest details and forms.",https://azdressage.org/event/schooling-show-nacada/2026-09-05/,,,,1/26/26,NO
High Roller Reining Classic Horse Show,9/10/26,9/17/26,,South Point Arena & Equestrian Center,9777 Las Vegas Blvd South,Las Vegas,NV,89183.0,Reining,Classic,,"High Roller Reining Classic at South Point Arena in Las Vegas. Eight days of premier NRHA-affiliated reining competition. One of the most prestigious reining events of the fall season with Open, Non-Pro, Amateur and Youth divisions. Free to the public. Visit highrollerreiningclassic.com.",http://www.highrollerreiningclassic.com/,702-797-8005,,,3/25/26,NO
Turquoise Circuit PRCA Rodeo - New Mexico State Fair Albuquerque,9/10/26,9/20/26,,New Mexico State Fairgrounds,300 San Pedro Dr NE,Albuquerque,NM,87108.0,Rodeo,PRCA Rodeo,,Turquoise Circuit PRCA Pro Rodeo at the New Mexico State Fair in Albuquerque. Eleven days of professional rodeo at one of the largest state fairs in the Southwest. Features all PRCA events. A major Turquoise Circuit points event drawing top competitors from AZ and NM. Visit statefair.exponm.com.,https://statefair.exponm.com,,,,3/25/26,NO
Pacific Ridge Show Jumping - Fall 1,9/11/26,9/13/26,8:00 AM,Los Angeles Equestrian Center,480 W Riverside Dr,Burbank,CA,91506.0,Hunter/Jumper,Regional Horse Show,,Pacific Ridge Show Jumping Fall 1 at LAEC — part of the 10-event 2026 series spanning April through October at the Los Angeles Equestrian Center in Burbank. Regional-level hunter/jumper competition with new footing upgrades. Free for spectators. Entries at prsj.showgroundslive.com.,https://pacificridgeshowjumping.com,818-840-9063,,,3/25/26,NO
RVR Trail Ride 2026,9/16/26,9/20/26,,Coconino National Forest,,,AZ,,Trail Ride,Social Event,,"Save the date for the Rio Verde Roverettes All Woman's Trail Ride 2026! This year's theme celebrates America's Birthday - 250 Years. The multi-day trail ride takes place in the beautiful Coconino National Forest, offering scenic riding through Arizona's high country. This popular annual event brings together women riders for camaraderie, adventure, and appreciation of the outdoors on horseback. Invitations and detailed information will be emailed out June 1. Perfect for experienced trail riders looking for a memorable group riding experience in one of Arizona's most scenic forests.",rioverderoverettes.com,,rexwager@aol.com,616837201_26238980362352796_2752012080774694289_n.jpg,1/25/26,NO
Scottsdale Saddle Club Gymkhana - September 19,9/19/26,9/19/26,,Scottsdale Rodeo Grounds,,Scottsdale,AZ,,Gymkhana,Series,,"Scottsdale Saddle Club gymkhana at the Rodeo Grounds featuring professional grade ground and facilities with divisions for every level of rider. Part of the 2026 season series running monthly through December. Visit scottsdalesaddleclub.com for full details, classes, and entry information.",www.scottsdalesaddleclub.com,,,634950103_1372842801313322_1568601591476657115_n.jpg,3/6/26,NO
PCCHA Holy Cow Performance Horses and Super Futurity,9/21/26,9/26/26,,South Point Arena & Equestrian Center,9777 Las Vegas Blvd South,Las Vegas,NV,89183.0,Cutting,Futurity,,PCCHA Holy Cow Performance Horses and Super Futurity at South Point Arena in Las Vegas. Six days of Pacific Coast Cutting Horse Association futurity competition featuring young horses and top trainers competing for major prizes. Free to the public. Visit pccha.com for full schedule.,https://pccha.com/,702-797-8005,,,3/25/26,NO
Scottsdale Saddle Club Gymkhana - October 3,10/3/26,10/3/26,,Scottsdale Rodeo Grounds,,Scottsdale,AZ,,Gymkhana,Series,,"Scottsdale Saddle Club gymkhana at the Rodeo Grounds featuring professional grade ground and facilities with divisions for every level of rider. Part of the 2026 season series running monthly through December. Visit scottsdalesaddleclub.com for full details, classes, and entry information.",www.scottsdalesaddleclub.com,,,634950103_1372842801313322_1568601591476657115_n.jpg,3/6/26,NO
Arizona Cutting Horse Association - Oktoberfest,10/13/26,10/18/26,8:00 AM,Horseshoe Park & Equestrian Centre,20464 E Riggs Road,Queen Creek,AZ,85142.0,Cutting,NCHA Sanctioned Show,,"Arizona Cutting Horse Association Oktoberfest at Horseshoe Park — six days of fall NCHA-sanctioned cutting horse competition. Open, Non-Pro, Amateur, Limited and Youth divisions. One of AZCHA's premier fall events kicking off the new season. Contact Kathy Unfried 928-277-6103 or arizonacuttinghorse@gmail.com.",https://azcha.com,480-358-3793,,,3/25/26,NO
Pacific Ridge Show Jumping - Fall 2 (Finals),10/16/26,10/18/26,8:00 AM,Los Angeles Equestrian Center,480 W Riverside Dr,Burbank,CA,91506.0,Hunter/Jumper,National Horse Show,,Pacific Ridge Show Jumping Fall 2 (Finals) at LAEC — part of the 10-event 2026 series spanning April through October at the Los Angeles Equestrian Center in Burbank. National-level hunter/jumper competition with new footing upgrades. Free for spectators. Entries at prsj.showgroundslive.com.,https://pacificridgeshowjumping.com,818-840-9063,,,3/25/26,NO
K/A Productions - SCHSA Hunter Derby Finals,10/16/26,10/18/26,8:00 AM,Los Angeles Equestrian Center,480 W Riverside Dr,Burbank,CA,91506.0,Hunter/Jumper,National Horse Show,,"K/A Productions SCHSA Hunter Derby Finals at LAEC — featuring the $15,000 SCHSA Hunter Derby Finals, jumper classics and costume classes. Three days of competition with year-end division champions. Free for spectators. Visit ka-productions.com.",https://www.ka-productions.com,818-840-9063,,,3/25/26,NO
APHA Western National Championship,10/22/26,10/25/26,,South Point Arena & Equestrian Center,9777 Las Vegas Blvd South,Las Vegas,NV,89183.0,Paint Horse Show,National Championship,,"APHA Western National Championship at South Point Arena in Las Vegas. Four days of American Paint Horse Association national-level competition for western performance, halter and pleasure horses. Free to the public. Visit apha.com for class schedule, entry info and hotel group rates.",http://apha.com/western-national-show/,702-797-8005,,,3/25/26,NO
Pacific Ridge Show Jumping - Fall 3,10/23/26,10/25/26,8:00 AM,Los Angeles Equestrian Center,480 W Riverside Dr,Burbank,CA,91506.0,Hunter/Jumper,Regional Horse Show,,Pacific Ridge Show Jumping Fall 3 at LAEC — part of the 10-event 2026 series spanning April through October at the Los Angeles Equestrian Center in Burbank. Regional-level hunter/jumper competition with new footing upgrades. Free for spectators. Entries at prsj.showgroundslive.com.,https://pacificridgeshowjumping.com,818-840-9063,,,3/25/26,NO
The Desert Crown Youth Rodeo,10/30/26,11/1/26,,Buckeye Equestrian & Events Center,10300 S Miller Rd,Buckeye,AZ,85326.0,Rodeo,Rodeo,,The Desert Crown Youth Rodeo at Buckeye Equestrian and Events Center. Presented by Paloma Ready Mix and Materials. Arizona High School Rodeo Association sanctioned event featuring youth rodeo competition over three days. A premier youth rodeo in the Phoenix metro area.,buckeyearena.com,,,646860369_1564401359021032_4674146119608604638_n.jpg,3/6/26,YES
American Bucking Bull Inc World Finals,10/31/26,11/5/26,,South Point Arena & Equestrian Center,9777 Las Vegas Blvd South,Las Vegas,NV,89183.0,Bull Riding,World Finals,,American Bucking Bull Inc (ABBI) World Finals at South Point Arena in Las Vegas. Six days of championship bull riding and bucking bull competition with the world's top bulls and riders. Free to the public. Visit americanbuckingbull.com for full schedule and competition details.,http://www.americanbuckingbull.com/,702-797-8005,,,3/25/26,NO
Turquoise Circuit Finals Rodeo,11/5/26,11/7/26,,Cave Creek Memorial Arena Rodeo Grounds,37201 N 28th St,Cave Creek,AZ,85331.0,Rodeo,PRCA Circuit Finals,,Turquoise Circuit Finals Rodeo in Cave Creek — the championship event for the PRCA Turquoise Circuit covering Arizona and New Mexico. Top two qualifiers from each event advance to the RAM National Circuit Finals. Three nights of elite rodeo with VIP Turquoise Trail Lounge and High Desert Sky Box options. Tickets at turquoisecircuitfinalsrodeo.com.,https://www.turquoisecircuitfinalsrodeo.com,,,,3/25/26,NO
ADA Fall Fiesta (Double Show) & Arizona State Dressage Championships,11/7/26,11/8/26,,WestWorld of Scottsdale,16601 N Pima Rd,Scottsdale,AZ,85260.0,Dressage,Rated Show,,"ADA's Fall Fiesta is a two-day USDF/USEF recognized double show that also hosts the Arizona State Dressage Championships at WestWorld of Scottsdale. Riders compete for qualifying scores, year-end recognition, and state championship titles across multiple levels and divisions, including Para and Western Dressage. A marquee fall destination show for Arizona dressage.",https://azdressage.org/event/fall-fiesta-recognized-show-arizona-state-dressage-championship/2026-11-07/,,,,1/26/26,NO
Marshall Sterling USHJA National Championships,11/9/26,11/15/26,,South Point Arena & Equestrian Center,9777 Las Vegas Blvd South,Las Vegas,NV,89183.0,Hunter/Jumper,National Championship,,"Marshall+Sterling/USHJA National Championships at South Point Arena in Las Vegas. Seven days of US Hunter Jumper Association national championship competition for hunters, jumpers and equitation riders of all levels. Free to the public. Visit ushja.org for class schedule and qualifying requirements.",https://www.ushja.org/competition/national-championship,702-797-8005,,,3/25/26,NO
CINCH All Star Super Sort,11/20/26,11/22/26,,South Point Arena & Equestrian Center,9777 Las Vegas Blvd South,Las Vegas,NV,89183.0,Ranch Sorting,Championship,,"CINCH All Star Super Sort at South Point's Priefert Pavilion in Las Vegas. Three days of premier ranch sorting competition sponsored by CINCH. Open to competitors of all skill levels. Free to the public. Visit rsnc.us for entry information, divisions and full schedule.",https://rsnc.us/,702-797-8005,,,3/25/26,NO
Scottsdale Saddle Club Gymkhana - November 22,11/22/26,11/22/26,,Scottsdale Rodeo Grounds,,Scottsdale,AZ,,Gymkhana,Series,,"Scottsdale Saddle Club gymkhana at the Rodeo Grounds featuring professional grade ground and facilities with divisions for every level of rider. Part of the 2026 season series running monthly through December. Visit scottsdalesaddleclub.com for full details, classes, and entry information.",www.scottsdalesaddleclub.com,,,634950103_1372842801313322_1568601591476657115_n.jpg,3/6/26,NO
The Cup Series - Turkey Cup,11/26/26,11/26/26,,Dillon's Western Trails Arena,,Morristown,AZ,,Barrel Racing,Championship,"$6,400+ to 1st","The Cup Series presents The Turkey Cup barrel race at Dillon's Western Trails Arena. In conjunction with Dillon's Thanksgiving Day Race. Entries open Nov 1. $600 entry fee, limited to 200 entries. Projected payout with 80% back and 200 entries: 1st $6,400 & Trophy Cup, 2nd $5,760, 3rd $4,800, 4th $4,000, 5th $3,200, 6th $2,560, 7th $1,920, 8th $1,280, 9th $1,120, 10th $960. Times can be carried over from each run throughout the race. Trophy cups to each D winner. 3D equal payouts on 0.6 splits.",ssrproductions.org,435-681-0058,,623366934_122183836310660250_2648107888808350311_n.jpg,2/1/26,NO
Scottsdale Saddle Club Gymkhana - December 5,12/5/26,12/5/26,,Scottsdale Rodeo Grounds,,Scottsdale,AZ,,Gymkhana,Series,,"Scottsdale Saddle Club gymkhana at the Rodeo Grounds featuring professional grade ground and facilities with divisions for every level of rider. Part of the 2026 season series running monthly through December. Visit scottsdalesaddleclub.com for full details, classes, and entry information.",www.scottsdalesaddleclub.com,,,634950103_1372842801313322_1568601591476657115_n.jpg,3/6/26,NO
Dressage at Spear-Cross (Recognized Level 2 Show),12/12/26,12/13/26,9:00 AM,Spear-Cross Equine Center of Scottsdale,28475 N. 84th Street,Scottsdale,AZ,85266.0,Dressage,Rated Show,,Year-end Dressage at Spear-Cross recognized Level 2 show in Scottsdale. Two days of competition with licensed judging and a professional show setup at Spear-Cross Equine Center. A strong December option for riders targeting late-season qualifying scores and championship preparation. Check the event page for specifics and updates.,https://azdressage.org/event/dressage-at-spear-cross-2/,(480) 650-9661,,,1/26/26,NO
Silver Dollar Circuit,1/12/27,1/16/27,,TBD,,Las Vegas,NV,,Quarter Horse Show,Circuit Show,,"Silver Dollar Circuit returns to fabulous Las Vegas January 12–16, 2027 with new dates. A premier destination horse show event drawing competitors from across the southwest. Plan ahead for this multi-day circuit show in Las Vegas, Nevada.",,,,651686744_1377698231053258_4361322221383422508_n.jpg,3/24/26,NO
Zabawa Production Weekly Ropings - Friday #8.5,Fridays,,9:00 AM,Zabawa Arena,48069 W Papago Rd,Maricopa,AZ,,Team Roping,Weekly Jackpot,,"#8.5 roping capped at 4+. $150 entry, 3-steer progressive, 80% payback. Cash only.",,484-226-5961,,615515000_1565460128385179_3288440395961003483_n.jpg,1/25/26,YES
5 Flat Productions Monday Ropings,Mondays,,9:00 AM,Flying E Ranch,2801 W Wickenburg Way,Wickenburg,AZ,85390.0,Team Roping,Weekly Jackpot,80% Payout,"30+ and Ladies. #12.5, #11.5, #10.5 divisions. $125/roper, 4-steer PA1, enter 3x. Fresh cattle. Cash only.",,970-846-7825,,617960131_1704995653843884_2689894101989205811_n.jpg,1/25/26,YES
Zabawa Production Weekly Ropings - Monday #9.5,Mondays,,,Zabawa Arena,48069 W Papago Rd,Maricopa,AZ,,Team Roping,Weekly Jackpot,,"#9.5 roping for 40+ or any age ladies, capped at 5+. $150 entry, 3-steer progressive, 80% payback. Cash only.",,484-226-5961,,615515000_1565460128385179_3288440395961003483_n.jpg,1/25/26,YES
Team Roping Lessons with Cesar de la Cruz,Ongoing,,9:00 AM,,,Casa Grande,AZ,,Team Roping,Clinic,,"Train with 9-time NFR heeler Cesar de la Cruz in Casa Grande, Arizona. With over $1.3 million in lifetime earnings and three PRCA Tour Finale titles, Cesar brings elite-level experience to every lesson. Private and semi-private sessions are available for ropers of all skill levels looking to improve their technique, timing, and competitive edge. Whether you're working on your swing, positioning, or horse handling, Cesar provides personalized coaching tailored to your goals. His philosophy focuses on giving students all the tools for success in the arena. Contact via social media using #RopeWithCesar to schedule your session and take your heeling to the next level.",,,,574396100_1360897145404590_337187081454450241_n.jpg,1/25/26,YES
4D Arena Saturday Breakaway,Saturday,Saturday,"Books Close at 10:30 AM, Rope at 11:00 AM",4D Arena,23465 W Patton Rd,Wittmann,AZ,85361.0,Breakaway,Jackpot,,Open Breakaway every Saturday. 3 Head Progressive. Bell Collar Catch Only. Starts with the Open. March 14th will be $200/run in the Open. Cash Only. All ropings are 2/3rd payback unless specified. Ropings nominated for WCRA. Sponsored by Roping Finder & Akins Trailer Sales.,,(719) 539-5507,,645757754_950014267692249_3872782235165094531_n.jpg,3/6/26,YES
4D Arena Saturday Breakaway,Saturdays,,12:00 PM,4D Arena,23465 W Patton Rd,Wittmann,AZ,85361.0,Breakaway Roping,Weekly Series,Cash Prizes,"4D Arena Breakaway every Saturday! Books close at 10:30am, rope at 11:00am. Starts with the open. OPEN BREAKAWAY: $120 entry, Enter 4x max, 3 head progressive, bell collar catch only. NOVICE BREAKAWAY: $120 entry, Enter 4x max, straight 2 head average. Novice eligibility - must meet ONE: Woman over 50, kid under 12, or roper/horse with less than $1500 lifetime earnings. Cash only! All ropings are 2/3rd payback unless specified. Ropings are nominated for WCRA. Sponsored by Roping Finder and Akins Trailer Sales. Follow Hot Shot Equine and 4D Arena on Facebook for updates.",,(719) 539-5507,,620032530_918872384139771_7101876432825736538_n.jpg,1/27/26,YES
High Call Productions Saturday Ropings,Saturdays,,11:00 AM,Flying E Ranch,2801 Wickenburg Way,Wickenburg,AZ,,Team Roping,Weekly Series,,"High Call Productions offers weekend team roping at Flying E Ranch. Books open 9am, close 10am, rope at 10:15am. SATURDAYS (Over 40 & All Ladies): #12.5 Handicap - 4-steer $100/man, enter 3x, 80% payback. #8.5 Handicap (50+ & Ladies) - 3-steer $120/man, enter 3x or draw up to 6. #9.5 Handicap (50+ & Ladies) - 4-steer $150/man, enter 2x or draw up to 4, 70% payback. SUNDAYS (All Ages): #7.5 Handicap - 3-steer $120/man, knives to average winners. #9.5 Handicap - 3-steer $120/man. #11.5 Handicap - 4-steer $150/man, 70% payback. Cash only. USTRC/WSTR card required.",,214-585-2632,,622266550_1277474227771655_3884098997596505531_n.jpg,1/25/26,YES
4D Arena Sunday Funday,Sundays,,9:00 AM,4D Arena,23465 W Patton Rd,Wittmann,AZ,85361.0,Team Roping,Weekly Series,Trophy Buckles,"Weekly Sunday ropings. #7.5 over 40/ladies $100/man, #8.5 $120/man, #9.5 Handicap $120/man. Trophy buckles.",,(719) 539-5507,,616772801_916377151055961_6604103686076692976_n.jpg,1/25/26,YES
High Call Productions Sunday Ropings,Sundays,,10:00 AM,Flying E Ranch,2801 Wickenburg Way,Wickenburg,AZ,,Team Roping,Weekly Series,Knives,"High Call Productions offers weekend team roping at Flying E Ranch. Books open 9am, close 10am, rope at 10:15am. SATURDAYS (Over 40 & All Ladies): #12.5 Handicap - 4-steer $100/man, enter 3x, 80% payback. #8.5 Handicap (50+ & Ladies) - 3-steer $120/man, enter 3x or draw up to 6. #9.5 Handicap (50+ & Ladies) - 4-steer $150/man, enter 2x or draw up to 4, 70% payback. SUNDAYS (All Ages): #7.5 Handicap - 3-steer $120/man, knives to average winners. #9.5 Handicap - 3-steer $120/man. #11.5 Handicap - 4-steer $150/man, 70% payback. Cash only. USTRC/WSTR card required.",,214-585-2632,,622266550_1277474227771655_3884098997596505531_n.jpg,1/25/26,YES
Western Trails Arena Heel-O-Matic Practice,Tuesdays,,5:00 PM,Western Trails Arena,37839 W Grand Ave,Morristown,AZ,85342.0,Team Roping,Practice,,"Western Trails ""The Bar"" offers weekly Heel-O-Matic practice sessions every Tuesday in Morristown. The morning begins with Heel-O-Matic Dummy Practice from 10:00-11:00 AM ($20/horse), followed by Live Cattle Practice from 11:00 AM-1:00 PM ($40/horse, $25 additional horses). This is an ideal opportunity for ropers to work on their timing and technique in a low-pressure environment with quality cattle. Whether you're tuning up your heel horse or developing your skills, Western Trails provides a professional practice setting with experienced management.",,(208) 899-2621,,615480124_25543813098636346_4702449521010503637_n.jpg,1/25/26,YES
Zabawa Production Weekly Ropings - Tuesday #12.5,Tuesdays,,4:15 PM,Zabawa Arena,48069 W Papago Rd,Maricopa,AZ,,Team Roping,Weekly Jackpot,,"#12.5 Slide Tuesday Night. $200 entry, 4-steer progressive handicapped, 80% payback. Cash only.",,484-226-5961,,615515000_1565460128385179_3288440395961003483_n.jpg,1/25/26,YES
Tom Wicklund Drills & Maneuvers - Weekly Classes,Tuesdays/Wednesdays/Thursdays,,5:30 PM,Performance Horse Arena,Corner of 24th and Maddock,Cave Creek,AZ,,Clinic,Weekly Classes,$30 ,"Weekly group horsemanship classes with Tom Wicklund at Performance Horse Arena. Tuesdays and Wednesdays at 5:30 PM, Thursdays at 10 AM. Focus on balance, hind quarters, forehand, and flexing. All disciplines and breeds welcome. New topics each week. $30 per session, space limited, pre-register.",www.performancehorsearena.com,,,Screenshot_2026-03-06_at_8_00_58_AM.png,3/6/26,NO
4D Arena Workin Man Wednesdays,Wednesdays,,9:30 AM,4D Arena,23465 W Patton Rd,Wittmann,AZ,85361.0,Team Roping,Weekly Series,,"Weekly afternoon/evening ropings. #11.5 Handicap $150/man, #12.5 Slide $150/man. 4-head progressive.",,(719) 539-5507,,616772801_916377151055961_6604103686076692976_n.jpg,1/25/26,YES
4D Arena Wrangler Wednesdays,Wednesdays,,,4D Arena,23465 W Patton Rd,Wittmann,AZ,85361.0,Team Roping,Weekly Series,Trophy Buckles,"Weekly morning ropings. #6.5 $50/man, #7.5 $60/man, #8.5 $60/man. All 2-steer with trophy buckles. Wrangler certificates to high money.",,(719) 539-5507,,616772801_916377151055961_6604103686076692976_n.jpg,1/25/26,YES
Twisted N Productions Wednesday Round Robin,Wednesdays,,6:00 PM,Bottoms Up Horse Arena & RV Park,4300 E Laughlin Rd,Casa Grande,AZ,,Team Roping,Round Robin,2/3 Payout,"Twisted N Productions weekly Wednesday round robin at Bottoms Up Horse Arena in Casa Grande. $200/man, 15 headers and 15 heelers. Starts at 6 PM. Call to enter. A great mid-week roping opportunity in the Casa Grande area. Call/text 602-541-8880 for entries.",,602-541-8880,,Screenshot_2026-03-06_at_10_29_57_AM.png,3/6/26,YES
Sorta Sorting Practice & Ranch Horse Activities,Wednesdays/Saturdays,,9:00 AM,Flying E Ranch - New Arena,28012 W Wickenburg Way,Wickenburg,AZ,,Cattle Sorting,Weekly Practice,,Weekly sorta sorting practice plus obstacle course and trail course at Flying E Ranch's new arena in Wickenburg. Wednesdays and Saturdays starting at 9 AM. Presented by Wickenburg's Ultimate Ranch & Stock Horse Challenge. Open to all levels looking to sharpen their skills.,,,,Screenshot_2026-03-06_at_8_01_30_AM.png,3/6/26,NO
Thirsty Thursday Open Mic and Bull Riding Practice,Thursdays,,6:00 PM,Roadrunner Restaurant and Saloon,47801 N Black Canyon Hwy,,AZ,,Bull Riding,Weekly Practice,,Weekly Thirsty Thursday night at Roadrunner Restaurant and Saloon on Black Canyon Hwy. Open Mic 6–9 PM with live music talent. Live Bull Riding Practice starts at 7 PM. A unique Arizona combo of country music and roughstock action every Thursday night.,,,,653831356_1243621914630760_6851672901081953298_n.jpg,3/24/26,NO
Chandler Vaqueros Saddle Club Rodeo,Saturdays Sept-May,,,Horseshoe Park & Equestrian Centre,20464 E Riggs Road,Queen Creek,AZ,85142.0,Gymkhana,Club Rodeo,,"Chandler Vaqueros Saddle Club monthly rodeos at Horseshoe Park — season runs September through May. Events include Goat Pulling, Goat Tying, Barrel Racing, Pole Bending and Speed events. Age groups 3–8, 9–12, 13–18, 19–39 and 40+. Free for spectators. All levels welcome, volunteer-run nonprofit club.",,480-358-3793,,,3/25/26,NO
QC 4H Horse Project,Monthly,,6:00 PM,Horseshoe Park & Equestrian Centre,20464 E Riggs Road,Queen Creek,AZ,85142.0,Youth Program,4H Meeting,,"QC 4H Horse Project monthly meetings at Horseshoe Park in Queen Creek. Youth horse program focused on horsemanship, animal husbandry and community leadership. Open to youth ages 5–18 interested in horses and equestrian activities. Contact Horseshoe Park at 480-358-3793 for meeting schedule.",https://www.queencreekaz.gov/government/horseshoe-park-equestrian-centre,480-358-3793,,,3/25/26,NO
Heart Cry Cowboy Church,Monthly,,6:00 PM,Horseshoe Park & Equestrian Centre,20464 E Riggs Road,Queen Creek,AZ,85142.0,Community Event,Cowboy Church,,"Heart Cry Cowboy Church monthly gathering at Horseshoe Park in Queen Creek. A community worship experience in the western tradition welcoming horses, families and all who appreciate the cowboy way of life. Free to attend. Check Horseshoe Park event calendar for specific dates.",https://www.queencreekaz.gov/government/horseshoe-park-equestrian-centre,480-358-3793,,,3/25/26,NO
7.5 Big Money 2026,05/16/2026,05/16/2026,Books Close 9:00 AM,Linden Valley Arena,1120 Pearce Rd,Show Low,AZ,,Team Roping,Jackpot,"$10,000 Guaranteed + 26 Trophy Buckles",#8.5 40+ Roping: P1D1 or D2 $120/roper Enter 2X 4.5 Cap 3-Steer 40+ or Women any age Buckles 1st-3rd. #6.5 Buckle Mania: P1D1 $120/roper Enter 2X 3.5 Cap H-Cap 2-Steer Buckles 1st-3rd. #7.5 Big Money: P1D1 or D2 $120/roper Enter 4X 4.5 Cap 3-Steer $10000 cash guaranteed to High Point Roper 14 Trophy Buckles 1st-7th. Books close 10:30 AM for #7.5. Credit card 5% fee. Global Numbers. Flag-on heels.,ropingco.com,480-540-8405,,657265577_1500708361853009_4069591885898329525_n.jpg,2026-03-30,YES
The Beast 2026 Truck Roping,06/12/2026,06/13/2026,Fri Books Close 9:00 AM / Sat Books Close 8:45 AM,Linden Valley Arena,1120 Pearce Rd,Show Low,AZ,,Team Roping,Jackpot,New RAM 3500 to High Point + Saddles + Buckles,Friday June 12: #11.5 Big $3000 P1D1 or D2 $150/roper Enter 2X 7 Cap 4-Steer $3000 guaranteed to 1st. #9.5 Saddle P1D1 or D2 $120/roper Enter 2X 5.5 Cap 3-Steer Saddles to 1st. #7.5 2-Steer Buckle P1D2 $120/roper Enter 2X 4.5 Cap Buckles 1st-4th. Saturday June 13: #10.5 Muley Roping Pick $100/roper Enter 2X 7 Cap 3-Steer Muleys roped. #11.5 Beast Truck Roping P1D1 or D2 $200/roper Enter 4X 7 Cap 4-Steer Handicapped New RAM 3500 to High Point. Cash or credit card 5% fee no checks. Stalls at lindenvalleyarena.com.,ropingco.com,480-540-8405,,657549848_1500711075186071_3577391412755600103_n.jpg,2026-03-30,YES
Cactus Ropes Season Opener,05/09/2026,05/09/2026,Books Close 9:00 AM,Linden Valley Arena,1120 Pearce Rd,Show Low,AZ,,Team Roping,Jackpot,"$2,000 Guaranteed + Saddles + Cactus Ropes",#12.5 Slide 4.5 Sec +/- Max 4-Steer H'capped No Cap P1D1 or D2 Enter 2X $120/roper 70% Payback Cactus Ropes to 1st. #11.5 $2K Guaranteed 3-Steer H'capped #6.5 Cap P1D1 or D2 Enter 3X $120/roper $2000 guaranteed to 1st Cactus Ropes to 1st. #10.5 Legends 40+ 3-Steer H'capped #6.5 Cap P1D1 or D2 Enter 2X $120/roper Women any age. #9.5 Saddle Roping 3-Steer H'capped #5.5 Cap P1D1 or D2 Enter 3X $120/roper Saddles+Cash to 1st Cactus Ropes+Cash 2nd-5th. Credit card 5% fee. WSTR or USTR numbers.,ropingco.com,480-540-8405,,661407175_1500707481853097_4229648414776034303_n.jpg,2026-03-30,YES
WSTR 2026 Qualifier - Show Low,05/22/2026,05/25/2026,Books Open 8:00 AM Rope 9:00 AM daily,Linden Valley Arena,1120 Pearce Rd,Show Low,AZ,,Team Roping,Championship,"$20,000 Guaranteed + Saddles",4-day WSTR Qualifier May 22-25. Fri: Open WSTR #15.5 #14.5 #13.5 #12.5 WSTR + #11.5 Saddle Roping. Sat: #11.5 #10.5 #9.5 WSTR + #8.5 Saddle Roping. Sun: #8.5 #7.5 #6.5 WSTR Saddle Ropings. Mon: #9.5 $20000 Guaranteed to High Point Roper P1D1 or D2 $150/roper Enter 4X 4-Steer Handicapped capped #5.5 both ends. Must be 21+ for WS qualifiers except Open #15.5 #14.5 #13.5. $40 non-refundable draw-in fee. WSTR membership & Key Cards required. Cash or credit cards no checks. RV & stalls at lindenvalleyarena.com.,wstroping.com,480-540-8405,,657553147_1500713095185869_522162473391309330_n.jpg,2026-03-30,YES
The Beast 2026 Truck Roping - Friday,06/12/2026,06/12/2026,Books Close 9:00 AM,Linden Valley Arena,1120 Pearce Rd,Show Low,AZ,,Team Roping,Jackpot,"$3,000 Guaranteed + Saddles + Buckles",#11.5 Big $3000: P1D1 or D2 $150/roper Enter 2X 7 Cap 4-Steer $3000 guaranteed to 1st. #9.5 Saddle: P1D1 or D2 $120/roper Enter 2X 5.5 Cap 3-Steer Saddles to 1st. #7.5 2-Steer Buckle: P1D2 $120/roper Enter 2X 4.5 Cap Buckles 1st-4th. Cash or credit card 5% fee no checks. Global numbers. Flag-on heels. Points to 20 in each roping. If over 1000 teams may run short go Sunday morning no draw outs. Entries close 9:30 AM for truck roping. Stalls at lindenvalleyarena.com.,ropingco.com,480-540-8405,,657549848_1500711075186071_3577391412755600103_n.jpg,2026-03-30,YES
The Beast 2026 Truck Roping - Saturday,06/13/2026,06/13/2026,"Books Close 8:45 AM, Rope 9:00 AM",Linden Valley Arena,1120 Pearce Rd,Show Low,AZ,,Team Roping,Jackpot,New RAM 3500 to High Point Roper,#10.5 Muley Roping: Pick $100/roper Enter 2X 7 Cap 3-Steer Muleys roped. #11.5 Beast Truck Roping: P1D1 or D2 $200/roper Enter 4X 7 Cap 4-Steer Handicapped New RAM 3500 to High Point Roper. Cash or credit card 5% fee no checks. Global numbers. Flag-on heels. Truck recipients responsible for TT&L. Stalls at lindenvalleyarena.com.,ropingco.com,480-540-8405,,657549848_1500711075186071_3577391412755600103_n.jpg,2026-03-30,YES
Cactus Ropes Season Opener - Linden Valley Arena,05/09/2026,05/09/2026,Books Close 9:00 AM on 1st Roping,Linden Valley Arena,1120 Pearce Rd,Show Low,AZ,,Team Roping,Jackpot,"$2,000 Guaranteed + Saddles + Cactus Ropes",#12.5 Slide: 4.5 Sec +/- Max 4-Steer H'capped No Cap P1D1 or D2 Enter 2X $120/roper 70% Payback Cactus Ropes to 1st in Avg. #11.5 $2K Guaranteed: 3-Steer H'capped #6.5 Cap P1D1 or D2 Enter 3X $120/roper $2000 guaranteed to 1st in Avg Cactus Ropes to 1st in Avg. #10.5 Legends 40+: 3-Steer H'capped #6.5 Cap P1D1 or D2 Enter 2X $120/roper Women any age. #9.5 Saddle Roping: 3-Steer H'capped #5.5 Cap P1D1 or D2 Enter 3X $120/roper Saddles+Cash to 1st Cactus Ropes+Cash to 2nd-5th. Credit card 5% fee. WSTR or USTR numbers. Flag-on heels. High point top 15 in avg. 2/3 cash and prize payback.,ropingco.com,480-540-8405,,661407175_1500707481853097_4229648414776034303_n.jpg,2026-03-30,YES
WSTR 2026 Qualifier - Show Low - Friday,05/22/2026,05/22/2026,"Books Open 8:00 AM, Rope 9:00 AM",Linden Valley Arena,1120 Pearce Rd,Show Low,AZ,,Team Roping,Championship,Saddles to 1st,WSTR 2026 Qualifier May 22-25. Friday: Open WSTR $200/roper Enter 2X Pick or Draw No age limit 4-Head Must be 7HD/8HL to draw +$40 draw-in fee 80% payback. #15.5 WSTR $150/roper Enter 2X Must be 6HD/7HL to draw +$40 draw-in 75% payback. #14.5 WSTR $150/roper Enter 2X Must be 5HD/7HL to draw +$40 draw-in 75% payback. #13.5 WSTR $150/roper Enter 2X Must be 5HD/6HL to draw +$40 draw-in 75% payback. #12.5 WSTR $150/roper Enter 2X Must be 21 Must be 4HD/6HL to draw +$40 draw-in 75% payback. #11.5 Saddle Roping $150/roper P1D1 or D2 Enter 2X 3-Steer No age limit No #cap 2/3 cash & prizes Saddles to 1st. Must be 21+ for WS qualifiers except Open #15.5 #14.5 #13.5. $40 non-refundable draw-in fee waived in #8.5 and #7. WSTR membership required including Key Cards. Cash or credit cards no checks. RV & stalls at lindenvalleyarena.com.,wstroping.com,480-540-8405,,657553147_1500713095185869_522162473391309330_n.jpg,2026-03-30,YES
WSTR 2026 Qualifier - Show Low - Saturday,05/23/2026,05/23/2026,"Books Open 8:00 AM, Rope 9:00 AM",Linden Valley Arena,1120 Pearce Rd,Show Low,AZ,,Team Roping,Championship,Saddles to 1st,Saturday: #11.5 WSTR #7.5 Heeler Cap $150/roper Enter 2X Must be 21 Must be 4HD/5HL to draw +$40 draw-in 75% payback. #10.5 WSTR #6.5 Heeler Cap $300/roper Enter 2X Must be 21 Must be 4HD/5HL to draw +$40 draw-in 80% payback. #9.5 WSTR #5.5 Heeler Cap $150/roper Enter 2X Must be 21 +$40 draw-in 75% payback. #8.5 Saddle Roping #6.5 Heeler Cap $150/roper P1D1 or D2 Enter 2X 3-Steer No age limit Handicap 2/3 cash & prizes Saddles to 1st. WSTR membership required. Cash or credit cards no checks.,wstroping.com,480-540-8405,,657553147_1500713095185869_522162473391309330_n.jpg,2026-03-30,YES
WSTR 2026 Qualifier - Show Low - Sunday,05/24/2026,05/24/2026,"Books Open 8:00 AM, Rope 9:00 AM",Linden Valley Arena,1120 Pearce Rd,Show Low,AZ,,Team Roping,Championship,Saddles to 1st,Sunday: #8.5 WSTR #4.5 Cap Both Ends $150/roper Enter 3X Pick or Draw Must be 21 75% payback. #7.5 WSTR #4 Cap Both Ends $150/roper Pick or Draw 3-Steer Must be 21 75% payback. #6.5 Saddle Roping #4.5 Cap Both Ends $150/roper P1D1 or D2 Enter 2X 3-Steer No age limit No #cap Saddles to 1st. WSTR membership required. Cash or credit cards no checks.,wstroping.com,480-540-8405,,657553147_1500713095185869_522162473391309330_n.jpg,2026-03-30,YES
WSTR 2026 Qualifier - Show Low - Monday,05/25/2026,05/25/2026,"Books Open 8:00 AM, Rope 9:00 AM",Linden Valley Arena,1120 Pearce Rd,Show Low,AZ,,Team Roping,Championship,"$20,000 Guaranteed to High Point Roper",Monday: #9.5 $20000 Guaranteed to High Point Roper $150/roper P1D1 or D2 Enter 4X 4-Steer No age limit Handicapped Capped at #5.5 both ends 2/3 cash & prizes. WSTR membership required. Cash or credit cards no checks.,wstroping.com,480-540-8405,,657553147_1500713095185869_522162473391309330_n.jpg,2026-03-30,YES
7th Annual Memorial Day Cash Explosion,05/23/2026,05/23/2026,"Books Open 8:00 AM, Close 10:00 AM",Welcome Home Ranch,26601 S Val Vista Drive,Gilbert,AZ,,Team Roping,Added Money,"$20,000 to Hi Point Winner (guaranteed at 300 paid teams), Trophy Buckles & Cash to 1st-4th, Trophy Buckles to 5th","The #7.5 2-Steer Cash Roping is the 1st roping of the 7th Annual Memorial Day Cash Explosion in Gilbert, Arizona on Saturday May 23rd. $20,000 to the Hi Point Winner (guaranteed at 300 paid teams) plus $30K in total Hi Point money across both ropings. Pick 1/Draw 1 or Draw 2 at $160/man, enter 4 times for 8 total runs. Top 40 advance to the Short Round. 2 Steer Progressive Handicapped, capped at 4.5 roper. Prize line: Trophy Buckles & Cash to 1st–4th, Trophy Buckles to 5th. Presented by Double C Professionally Run Team Ropings at Welcome Home Ranch, 26601 S Val Vista Drive, Gilbert, Arizona. Cash or credit card accepted (Visa, Mastercard, Discover, add 3%). Five-second barrier, 2/3 cash and prize payback. All ropings progressive after 1. Current USTRC, WSTR, or Global card and Photo ID required to collect winnings — cards available on site. Cattle by LT Cattle Company. Cutoff may be used if over 175 teams. Points awarded 1st–20th for Hi Point Trailer. Contact Chad at 602-390-4130.",ropingfinder.com,602-390-4130,,685535804_10215651298472868_9168469794270737621_n.jpg,2026-05-01,YES
